agent_id,first_name,last_name,address,city,country,salary
1,Gabriel,Allon,486 Princess Street,Vienna,United Arab Emirates,118587.99
2,Oliver,Martinez,486 Princess Street,Cape Town,Italy,96308.65
3,Ethan,Westen,562 Shadow Street,Madrid,France,98011.87
4,Sydney,Westen,448 Castle Street,Cape Town,France,114366.74
5,Michael,Romanoff,590 Dragon Street,Madrid,Spain,125035.81
6,Derek,Stone,562 Shadow Street,Buenos Aires,South Africa,63882.25
7,Ifeanyi,Hart,199 Duke Street,Toronto,Italy,117803.63
8,John,Ryan,562 Shadow Street,Istanbul,Italy,96911.26
9,Isabelle,Vikander,648 Tiger Street,Dubai,Austria,111804.86
10,Oliver,Trevelyan,648 Tiger Street,New York,Spain,110090.44
11,John,Emekwo,820 Bishop Street,Tokyo,Spain,67972.81
12,James,Wexler,407 Eagle Street,Beijing,Czech Republic,105857.99
13,Victor,Croft,562 Shadow Street,Moscow,Spain,71216.60
14,Derek,Croft,783 Ghost Street,Rome,Russia,119470.47
15,Ethan,Wexler,800 Lion Street,Chicago,China,110858.46
16,Natasha,Queen,198 Prince Street,Vienna,Spain,142133.35
17,Martha,Bond,246 Raven Street,Toronto,Italy,86552.84
18,Jason,Ryan,820 Bishop Street,Berlin,United Arab Emirates,129564.79
19,Sarah,Stone,783 Ghost Street,Prague,Czech Republic,66116.28
20,Martha,Queen,483 Duchess Street,Toronto,China,92017.28
21,Marcus,Dixon,562 Shadow Street,Toronto,Austria,108024.96
22,Sydney,Allon,666 King Street,Tokyo,Spain,102900.28
23,Ethan,Emekwo,666 King Street,Berlin,United Arab Emirates,149190.96
24,Lara,Stone,362 Phoenix Street,Paris,United States,142503.49
25,Lara,Dixon,666 King Street,Prague,Canada,144800.85
26,Ifeanyi,Dixon,407 Eagle Street,Buenos Aires,South Africa,124448.48
27,Evelyn,Stone,448 Castle Street,Cape Town,Austria,68246.04
28,Alec,Salt,783 Ghost Street,Rome,Germany,109202.81
29,Sophia,Queen,296 Falcon Street,Istanbul,Spain,143664.88
30,Jack,Martinez,483 Wolf Street,Toronto,Japan,111935.96
31,Martha,Hunt,183 Knight Street,London,Czech Republic,122009.95
32,Isabelle,Croft,246 Raven Street,Beijing,Turkey,146772.99
33,Sydney,Salt,783 Ghost Street,Rio de Janeiro,Czech Republic,125038.76
34,Martha,Samuel,590 Dragon Street,Prague,United Kingdom,61964.03
35,Oliver,Dixon,648 Tiger Street,New York,Canada,62362.14
36,Sarah,Hart,246 Raven Street,Buenos Aires,Turkey,104708.25
37,Derek,Ryan,483 Wolf Street,Buenos Aires,United Kingdom,68728.59
38,Alicia,Martinez,800 Lion Street,Madrid,France,74845.39
39,Martha,Queen,296 Falcon Street,Los Angeles,Spain,136413.88
40,James,Salt,483 Duchess Street,Rome,Spain,53208.50
41,Jason,Hart,666 King Street,Tokyo,Turkey,139918.57
42,Isabelle,Croft,183 Knight Street,Beijing,Italy,86745.69
43,Ethan,Trevelyan,293 Queen Street,Sydney,Russia,144377.40
44,James,Bourne,407 Eagle Street,Toronto,China,130246.52
45,Alicia,Samuel,483 Wolf Street,Istanbul,Argentina,135437.55
46,Jason,Bond,486 Princess Street,Sydney,Brazil,117781.10
47,James,Bourne,800 Lion Street,Beijing,China,123880.82
48,Isabelle,Hunt,183 Knight Street,Toronto,Russia,126523.04
49,Evelyn,Ryan,666 King Street,Sydney,Japan,136151.24
50,Marcus,Bristow,820 Bishop Street,Prague,Brazil,111386.34
51,Derek,Martinez,198 Prince Street,Beijing,South Africa,79303.30
52,Sophia,Wexler,312 Viper Street,Tokyo,Argentina,75715.11
53,Harry,Emekwo,199 Duke Street,Vienna,Canada,97157.21
54,Alec,Stone,199 Duke Street,Paris,Canada,139947.41
55,Harry,Vikander,198 Prince Street,Beijing,Austria,74486.89
56,Evelyn,Martinez,590 Dragon Street,London,United States,59946.95
57,Sydney,Dixon,198 Prince Street,New York,Spain,88282.70
58,Ethan,Martinez,312 Viper Street,Moscow,United Kingdom,57526.93
59,Michael,Vikander,198 Prince Street,Paris,Austria,134433.04
60,Sophia,Cain,590 Dragon Street,Los Angeles,China,50100.32
61,James,Hart,246 Raven Street,London,Brazil,83722.81
62,Victor,Romanoff,483 Duchess Street,Sydney,Japan,90051.70
63,John,Ryan,486 Princess Street,Sydney,South Africa,73875.85
64,Lara,Hart,590 Dragon Street,Rio de Janeiro,Germany,62019.70
65,Sydney,Westen,448 Castle Street,Sydney,Austria,79799.76
66,John,Samuel,198 Prince Street,Chicago,Japan,54480.33
67,Marcus,Hart,198 Prince Street,Chicago,Russia,66933.83
68,Martha,Salt,820 Bishop Street,Berlin,United Arab Emirates,78608.31
69,Cassandra,Trevelyan,562 Shadow Street,Beijing,Turkey,57981.34
70,Oliver,Westen,312 Viper Street,Los Angeles,China,141025.22
71,Evelyn,Samuel,198 Prince Street,Toronto,France,111755.11
72,Gabriel,Bond,562 Shadow Street,Dubai,Spain,149352.64
73,Emma,Vikander,783 Ghost Street,Cape Town,Brazil,131525.64
74,Natasha,Allon,820 Bishop Street,Buenos Aires,Argentina,128757.64
75,Martha,Martinez,199 Duke Street,Tokyo,Turkey,91859.26
76,Ifeanyi,Bourne,448 Castle Street,New York,Germany,147189.51
77,Lara,Wexler,666 King Street,Chicago,Germany,76078.29
78,Isabelle,Emekwo,666 King Street,Toronto,Australia,100150.80
79,Michael,Queen,312 Viper Street,Rio de Janeiro,Canada,113445.80
80,Martha,Hart,362 Phoenix Street,Sydney,China,55627.23
81,Martha,Stone,800 Lion Street,Rome,Argentina,107804.65
82,Harry,Allon,407 Eagle Street,Tokyo,Japan,100580.40
83,Oliver,Vikander,246 Raven Street,Vienna,United Arab Emirates,99693.56
84,Sophia,Bond,199 Duke Street,Berlin,Czech Republic,118558.85
85,Ifeanyi,Frost,783 Ghost Street,Los Angeles,United States,138375.92
86,Sarah,Hart,820 Bishop Street,Paris,Argentina,112037.40
87,James,Vikander,800 Lion Street,New York,United Arab Emirates,81930.61
88,Derek,Westen,198 Prince Street,Toronto,Turkey,144025.46
89,Oliver,Salt,199 Duke Street,Buenos Aires,Turkey,61417.35
90,Marcus,Ryan,198 Prince Street,Madrid,United Kingdom,62012.49
91,Lara,Bourne,486 Princess Street,Istanbul,Italy,125908.71
92,Cassandra,Bond,362 Phoenix Street,Prague,Argentina,148890.06
93,Jack,Hart,562 Shadow Street,Buenos Aires,United Arab Emirates,60925.47
94,Natasha,Stone,562 Shadow Street,Beijing,Argentina,64670.16
95,Martha,Samuel,246 Raven Street,Prague,Italy,134217.20
96,Alicia,Queen,783 Ghost Street,Rome,France,140244.29
97,Lara,Queen,296 Falcon Street,Cape Town,Italy,123642.18
98,Harry,Bristow,783 Ghost Street,Berlin,Italy,51393.49
99,Jason,Westen,483 Duchess Street,Istanbul,Japan,103613.96
100,Derek,Westen,448 Castle Street,Buenos Aires,South Africa,65047.12
101,Jason,Bristow,666 King Street,Chicago,Japan,53078.70
102,Alicia,Hunt,820 Bishop Street,Toronto,Austria,114837.49
103,Natasha,Hart,648 Tiger Street,Paris,China,124823.52
104,Sydney,Bourne,648 Tiger Street,Moscow,Austria,147671.38
105,Ifeanyi,Frost,562 Shadow Street,New York,Argentina,102585.09
106,Jack,Hart,246 Raven Street,London,China,83486.90
107,John,Hunt,820 Bishop Street,Toronto,Brazil,69763.16
108,Isabelle,Martinez,198 Prince Street,Cape Town,United States,134191.51
109,Gabriel,Hart,183 Knight Street,Cape Town,United States,113768.84
110,Victor,Martinez,483 Duchess Street,Berlin,United Kingdom,73001.81
111,Ifeanyi,Trevelyan,483 Wolf Street,Rome,Japan,143216.58
112,Ifeanyi,Romanoff,648 Tiger Street,London,Brazil,128773.94
113,Jack,Bourne,199 Duke Street,Berlin,Australia,111017.52
114,Martha,Emekwo,486 Princess Street,Vienna,Japan,97572.05
115,Oliver,Frost,783 Ghost Street,Madrid,Australia,86970.72
116,Lara,Vikander,486 Princess Street,Istanbul,Italy,67083.78
117,Natasha,Cain,199 Duke Street,Prague,France,140052.74
118,Ethan,Bourne,312 Viper Street,Istanbul,France,106021.17
119,Jack,Emekwo,648 Tiger Street,Istanbul,United Kingdom,75787.48
120,Oliver,Bourne,820 Bishop Street,Vienna,Italy,148660.56
121,Alicia,Queen,590 Dragon Street,Los Angeles,Turkey,134834.52
122,Oliver,Queen,666 King Street,Rio de Janeiro,Turkey,97694.59
123,Sydney,Hunt,648 Tiger Street,Sydney,France,149878.88
124,Oliver,Queen,783 Ghost Street,London,Japan,141089.57
125,Natasha,Emekwo,198 Prince Street,Istanbul,United Arab Emirates,67417.95
126,Jason,Vikander,783 Ghost Street,Toronto,Australia,126713.06
127,Gabriel,Croft,199 Duke Street,New York,France,109820.06
128,Jason,Samuel,246 Raven Street,Istanbul,Russia,132015.54
129,Gabriel,Trevelyan,293 Queen Street,Toronto,France,54758.32
130,Alicia,Queen,312 Viper Street,Rio de Janeiro,Turkey,138140.19
131,Jason,Emekwo,483 Duchess Street,Chicago,Russia,142589.81
132,Isabelle,Hunt,246 Raven Street,Chicago,Austria,83346.37
133,Ifeanyi,Bristow,198 Prince Street,Cape Town,Japan,104125.80
134,Ifeanyi,Romanoff,783 Ghost Street,Berlin,France,133805.50
135,Evelyn,Ryan,562 Shadow Street,Dubai,Spain,141525.41
136,Alicia,Bond,483 Wolf Street,Paris,South Africa,113632.64
137,John,Cain,198 Prince Street,Dubai,South Africa,143876.12
138,Marcus,Queen,820 Bishop Street,Moscow,Turkey,99642.95
139,Jason,Romanoff,183 Knight Street,Tokyo,Argentina,141201.29
140,Ethan,Westen,483 Duchess Street,Prague,Italy,96811.21
141,Michael,Ryan,483 Wolf Street,London,United Arab Emirates,54474.08
142,Harry,Dixon,800 Lion Street,London,South Africa,72092.71
143,Ethan,Samuel,198 Prince Street,Rio de Janeiro,Russia,149363.37
144,Marcus,Martinez,486 Princess Street,Tokyo,Germany,56258.26
145,Jason,Wexler,483 Duchess Street,Sydney,United Arab Emirates,138546.66
146,Sarah,Trevelyan,312 Viper Street,Rio de Janeiro,United Arab Emirates,63344.36
147,Victor,Croft,648 Tiger Street,Prague,Canada,52126.33
148,Michael,Frost,312 Viper Street,Vienna,Germany,53378.95
149,Victor,Emekwo,483 Duchess Street,Chicago,United Arab Emirates,66169.06
150,Harry,Bourne,483 Wolf Street,Los Angeles,United Kingdom,89600.38
151,Sophia,Wexler,448 Castle Street,Dubai,China,107144.44
152,Sarah,Croft,407 Eagle Street,Los Angeles,Czech Republic,82299.71
153,Alicia,Emekwo,407 Eagle Street,Paris,Italy,91134.74
154,Martha,Ryan,198 Prince Street,Cape Town,South Africa,67799.74
155,James,Cain,483 Duchess Street,Moscow,Argentina,131427.42
156,Harry,Bond,820 Bishop Street,New York,United Kingdom,133608.32
157,Martha,Samuel,183 Knight Street,Chicago,Germany,54257.40
158,John,Westen,296 Falcon Street,Los Angeles,Russia,54489.28
159,Alicia,Croft,483 Wolf Street,Moscow,France,89132.71
160,Emma,Hart,293 Queen Street,Sydney,United Kingdom,100794.70
161,Sophia,Trevelyan,312 Viper Street,Tokyo,Turkey,63741.49
162,Alicia,Allon,362 Phoenix Street,Rome,Czech Republic,114097.38
163,Derek,Salt,199 Duke Street,Dubai,United Kingdom,102984.42
164,Derek,Allon,800 Lion Street,Istanbul,China,127129.53
165,John,Dixon,312 Viper Street,London,South Africa,54798.49
166,Natasha,Trevelyan,820 Bishop Street,Paris,Austria,149536.06
167,Oliver,Ryan,783 Ghost Street,Madrid,Canada,106857.80
168,Alicia,Westen,199 Duke Street,Madrid,France,59262.18
169,Isabelle,Westen,648 Tiger Street,Prague,South Africa,79857.30
170,Victor,Frost,293 Queen Street,Tokyo,Czech Republic,110463.94
171,Marcus,Croft,648 Tiger Street,Rio de Janeiro,Turkey,98072.85
172,Cassandra,Allon,590 Dragon Street,Tokyo,Spain,115844.17
173,Victor,Ryan,648 Tiger Street,Madrid,Turkey,51456.94
174,Natasha,Allon,483 Wolf Street,Toronto,Argentina,131979.34
175,Ifeanyi,Cain,312 Viper Street,Paris,Austria,138366.35
176,Alec,Salt,246 Raven Street,Vienna,Japan,68975.30
177,Natasha,Wexler,486 Princess Street,Beijing,Germany,94322.65
178,Sarah,Emekwo,312 Viper Street,Chicago,France,68037.22
179,Ethan,Allon,448 Castle Street,Beijing,Spain,122177.58
180,Alec,Samuel,562 Shadow Street,Moscow,Brazil,125746.63
181,Derek,Emekwo,800 Lion Street,Beijing,Turkey,78290.08
182,Sydney,Trevelyan,562 Shadow Street,London,United States,75372.31
183,Gabriel,Allon,820 Bishop Street,Beijing,Czech Republic,119751.24
184,Victor,Bourne,246 Raven Street,Moscow,Italy,122648.53
185,Cassandra,Wexler,648 Tiger Street,New York,South Africa,90572.46
186,Oliver,Croft,800 Lion Street,Rio de Janeiro,Italy,55933.77
187,Lara,Vikander,483 Wolf Street,Dubai,Australia,58962.76
188,Derek,Frost,198 Prince Street,Cape Town,United Kingdom,114441.22
189,Isabelle,Bristow,666 King Street,Beijing,United Arab Emirates,118623.27
190,James,Emekwo,407 Eagle Street,Paris,Spain,98748.07
191,Ifeanyi,Martinez,246 Raven Street,London,Russia,91487.40
192,Cassandra,Hart,199 Duke Street,Los Angeles,United Kingdom,140263.20
193,Alec,Stone,312 Viper Street,Buenos Aires,Czech Republic,105349.49
194,Marcus,Vikander,648 Tiger Street,Madrid,France,52685.97
195,Emma,Bond,483 Duchess Street,Cape Town,Austria,83478.59
196,Cassandra,Samuel,483 Wolf Street,Chicago,Canada,144193.51
197,Lara,Martinez,820 Bishop Street,Paris,Spain,62913.64
198,Martha,Vikander,448 Castle Street,Prague,South Africa,112109.99
199,Martha,Hunt,407 Eagle Street,Rio de Janeiro,Italy,65396.39
200,Marcus,Trevelyan,483 Wolf Street,Prague,France,96494.19
201,Derek,Hunt,483 Wolf Street,Toronto,Austria,109426.85
202,Isabelle,Salt,296 Falcon Street,Dubai,Germany,106345.94
203,Alec,Vikander,666 King Street,Moscow,Italy,81046.54
204,Derek,Allon,483 Wolf Street,Cape Town,France,111765.39
205,Marcus,Westen,562 Shadow Street,Beijing,Czech Republic,81366.04
206,Marcus,Croft,800 Lion Street,Rome,China,94355.52
207,John,Ryan,293 Queen Street,Rio de Janeiro,United Kingdom,79832.27
208,James,Salt,407 Eagle Street,Buenos Aires,Spain,135495.83
209,Gabriel,Hunt,407 Eagle Street,New York,China,60828.64
210,Emma,Emekwo,296 Falcon Street,Prague,Russia,84615.68
211,Martha,Martinez,362 Phoenix Street,Los Angeles,Russia,112776.80
212,Sydney,Queen,783 Ghost Street,Berlin,Germany,139477.58
213,Marcus,Romanoff,183 Knight Street,Rio de Janeiro,Argentina,137672.27
214,Ethan,Bourne,783 Ghost Street,Tokyo,Japan,56082.03
215,Sarah,Frost,486 Princess Street,Toronto,United States,62787.09
216,Natasha,Cain,820 Bishop Street,Berlin,Argentina,83133.98
217,Ifeanyi,Wexler,293 Queen Street,Toronto,Japan,86027.83
218,Derek,Hart,293 Queen Street,Vienna,China,57362.34
219,Gabriel,Salt,246 Raven Street,Chicago,Spain,97387.91
220,Cassandra,Dixon,800 Lion Street,Paris,United Kingdom,61609.50
221,Emma,Stone,800 Lion Street,Sydney,Austria,116658.33
222,Michael,Ryan,783 Ghost Street,Sydney,Czech Republic,132612.90
223,Alicia,Westen,483 Duchess Street,Los Angeles,Turkey,91236.96
224,Cassandra,Dixon,407 Eagle Street,Prague,Brazil,110363.11
225,Michael,Emekwo,483 Wolf Street,Istanbul,Australia,74224.23
226,Victor,Hunt,198 Prince Street,Los Angeles,Brazil,91186.10
227,Ethan,Bond,783 Ghost Street,Prague,United Arab Emirates,103391.89
228,Gabriel,Salt,246 Raven Street,Sydney,Germany,109577.36
229,Ethan,Samuel,666 King Street,Madrid,South Africa,51741.18
230,Oliver,Vikander,800 Lion Street,Sydney,Czech Republic,128110.65
231,Cassandra,Vikander,183 Knight Street,Prague,Turkey,65539.47
232,Sophia,Trevelyan,296 Falcon Street,Toronto,United Kingdom,109472.14
233,Jack,Bristow,820 Bishop Street,Rome,Austria,146935.25
234,Michael,Wexler,362 Phoenix Street,Berlin,Turkey,90032.32
235,John,Frost,590 Dragon Street,Rio de Janeiro,South Africa,85447.28
236,Ifeanyi,Hart,562 Shadow Street,Vienna,Japan,93752.60
237,James,Frost,483 Duchess Street,Los Angeles,United Kingdom,120702.42
238,Harry,Ryan,820 Bishop Street,Los Angeles,Italy,66886.77
239,Michael,Bristow,483 Wolf Street,Beijing,Turkey,83209.44
240,Oliver,Salt,483 Wolf Street,Toronto,Italy,87861.33
241,Lara,Romanoff,800 Lion Street,Moscow,Argentina,109416.17
242,Alec,Salt,486 Princess Street,Los Angeles,United States,108979.64
243,Sydney,Salt,312 Viper Street,Toronto,Spain,70037.97
244,Evelyn,Trevelyan,312 Viper Street,Madrid,Czech Republic,131246.39
245,Martha,Frost,448 Castle Street,Chicago,Russia,100310.39
246,Cassandra,Stone,483 Wolf Street,Sydney,Japan,69068.48
247,Alicia,Dixon,666 King Street,New York,Spain,100145.48
248,Martha,Emekwo,293 Queen Street,London,Australia,126977.18
249,Ifeanyi,Hart,407 Eagle Street,Beijing,South Africa,144775.08
250,Martha,Martinez,666 King Street,Cape Town,Brazil,57176.19
251,Cassandra,Vikander,800 Lion Street,Chicago,Spain,104227.30
252,Ifeanyi,Salt,483 Duchess Street,Rome,United Kingdom,101543.05
253,Emma,Wexler,820 Bishop Street,Beijing,Czech Republic,120144.46
254,Alec,Martinez,312 Viper Street,Rio de Janeiro,Argentina,86197.66
255,Harry,Queen,648 Tiger Street,Sydney,South Africa,128835.84
256,John,Dixon,296 Falcon Street,Vienna,Turkey,147997.88
257,Sarah,Emekwo,448 Castle Street,New York,Russia,89627.63
258,Cassandra,Hunt,246 Raven Street,New York,Italy,106625.60
259,Ifeanyi,Bristow,483 Wolf Street,Chicago,France,117863.92
260,Jason,Dixon,198 Prince Street,Moscow,Italy,86645.72
261,Marcus,Samuel,312 Viper Street,Buenos Aires,South Africa,93785.44
262,Derek,Emekwo,820 Bishop Street,Cape Town,Czech Republic,98447.60
263,Victor,Hunt,407 Eagle Street,Berlin,China,56568.38
264,Sophia,Romanoff,483 Wolf Street,Dubai,China,87449.71
265,Oliver,Bristow,590 Dragon Street,Moscow,Czech Republic,111540.62
266,Emma,Bourne,783 Ghost Street,Tokyo,Italy,53980.08
267,Natasha,Samuel,483 Duchess Street,London,Brazil,75324.33
268,John,Bond,407 Eagle Street,Toronto,Turkey,141094.40
269,Marcus,Stone,800 Lion Street,Tokyo,Canada,80920.66
270,Cassandra,Bristow,296 Falcon Street,Rome,China,145196.88
271,Alicia,Queen,246 Raven Street,Prague,South Africa,144753.11
272,Sydney,Dixon,783 Ghost Street,Tokyo,South Africa,83133.04
273,Jack,Allon,198 Prince Street,Dubai,Argentina,60798.03
274,Evelyn,Salt,296 Falcon Street,New York,Japan,78166.20
275,Marcus,Bristow,246 Raven Street,Madrid,Germany,50946.14
276,Sydney,Trevelyan,483 Wolf Street,Beijing,Russia,135539.71
277,Cassandra,Vikander,820 Bishop Street,Rome,Austria,92176.12
278,Marcus,Cain,407 Eagle Street,Sydney,South Africa,146723.41
279,Ethan,Croft,246 Raven Street,Buenos Aires,China,77023.26
280,Oliver,Queen,590 Dragon Street,Los Angeles,Russia,112272.42
281,Ethan,Samuel,483 Wolf Street,Madrid,Turkey,124549.04
282,Oliver,Romanoff,590 Dragon Street,Tokyo,United Kingdom,126346.24
283,Ethan,Romanoff,199 Duke Street,Paris,Czech Republic,143523.05
284,Jason,Romanoff,666 King Street,Rio de Janeiro,Austria,137252.25
285,Michael,Vikander,362 Phoenix Street,Prague,Spain,69558.37
286,Alicia,Ryan,800 Lion Street,London,Brazil,107470.22
287,Sydney,Hart,312 Viper Street,Istanbul,China,116711.76
288,Sophia,Samuel,800 Lion Street,Sydney,Spain,103725.36
289,Marcus,Stone,183 Knight Street,New York,United States,97494.17
290,Gabriel,Dixon,590 Dragon Street,Paris,Russia,127790.85
291,Emma,Vikander,783 Ghost Street,Toronto,Australia,51939.12
292,Natasha,Trevelyan,820 Bishop Street,Beijing,Spain,75423.64
293,Alec,Allon,312 Viper Street,Los Angeles,United Arab Emirates,52327.89
294,Emma,Romanoff,483 Duchess Street,Chicago,Germany,90223.32
295,Gabriel,Westen,648 Tiger Street,Tokyo,Japan,145515.56
296,Emma,Frost,562 Shadow Street,Beijing,Argentina,118557.16
297,Jack,Vikander,483 Wolf Street,Vienna,Canada,98364.59
298,Sydney,Wexler,783 Ghost Street,Cape Town,United States,148515.58
299,Lara,Emekwo,820 Bishop Street,Istanbul,Canada,100018.35
300,Marcus,Martinez,246 Raven Street,New York,Italy,99309.42
301,Oliver,Allon,296 Falcon Street,Sydney,Australia,58676.28
302,John,Dixon,483 Duchess Street,Tokyo,Russia,143896.27
303,Evelyn,Frost,783 Ghost Street,Beijing,China,147439.22
304,Alicia,Dixon,666 King Street,Paris,France,113030.62
305,Victor,Queen,312 Viper Street,Beijing,Canada,83442.18
306,Sarah,Wexler,820 Bishop Street,Sydney,China,99864.62
307,John,Vikander,296 Falcon Street,Tokyo,Czech Republic,123668.48
308,Natasha,Salt,246 Raven Street,Toronto,Spain,74213.91
309,Isabelle,Trevelyan,648 Tiger Street,Los Angeles,France,116609.26
310,Harry,Samuel,486 Princess Street,Cape Town,France,136514.84
311,Ifeanyi,Hunt,562 Shadow Street,Buenos Aires,United Arab Emirates,70399.99
312,Michael,Hart,198 Prince Street,Beijing,Russia,80399.39
313,Emma,Emekwo,783 Ghost Street,Beijing,United States,75674.94
314,Ifeanyi,Dixon,820 Bishop Street,Toronto,Canada,113344.15
315,Gabriel,Ryan,293 Queen Street,Vienna,Turkey,131635.23
316,Isabelle,Croft,562 Shadow Street,Beijing,Germany,115638.67
317,Ethan,Trevelyan,183 Knight Street,Rio de Janeiro,Czech Republic,72907.91
318,Emma,Cain,666 King Street,Prague,South Africa,141157.67
319,Sophia,Bristow,590 Dragon Street,Vienna,China,115568.88
320,Sarah,Allon,199 Duke Street,Madrid,Argentina,89204.02
321,John,Frost,296 Falcon Street,Rio de Janeiro,Brazil,143315.04
322,John,Croft,590 Dragon Street,Prague,Argentina,90072.78
323,Oliver,Allon,407 Eagle Street,Istanbul,United Arab Emirates,128144.40
324,Sophia,Frost,820 Bishop Street,London,Brazil,109024.25
325,Victor,Ryan,183 Knight Street,Buenos Aires,Australia,136415.60
326,Isabelle,Hunt,183 Knight Street,Tokyo,Japan,126165.14
327,Evelyn,Cain,486 Princess Street,Dubai,Turkey,122081.89
328,Isabelle,Allon,483 Duchess Street,New York,United Kingdom,138751.77
329,Victor,Wexler,800 Lion Street,Chicago,Austria,53406.51
330,Emma,Cain,183 Knight Street,Paris,Brazil,60819.21
331,Martha,Queen,362 Phoenix Street,Paris,South Africa,76087.26
332,Evelyn,Croft,820 Bishop Street,New York,Australia,130570.25
333,James,Stone,296 Falcon Street,Berlin,China,61083.36
334,Ethan,Westen,296 Falcon Street,Beijing,Spain,57362.83
335,Oliver,Dixon,590 Dragon Street,New York,Austria,98197.23
336,Natasha,Romanoff,199 Duke Street,Vienna,Italy,70372.17
337,Emma,Cain,800 Lion Street,Prague,United Kingdom,56483.85
338,Emma,Wexler,483 Duchess Street,Prague,Russia,125781.09
339,Alec,Allon,486 Princess Street,London,Australia,124972.63
340,Sophia,Frost,312 Viper Street,Chicago,Japan,56795.69
341,Sydney,Hart,648 Tiger Street,Chicago,Turkey,145683.94
342,Emma,Emekwo,293 Queen Street,Prague,South Africa,70193.78
343,Natasha,Salt,198 Prince Street,Toronto,South Africa,78494.64
344,Sarah,Frost,407 Eagle Street,Istanbul,Brazil,110965.21
345,Michael,Wexler,783 Ghost Street,Los Angeles,Spain,108120.14
346,Sarah,Bond,562 Shadow Street,Beijing,France,103140.28
347,Marcus,Stone,820 Bishop Street,Rome,Spain,113647.12
348,John,Croft,820 Bishop Street,Chicago,South Africa,72804.62
349,Ethan,Wexler,246 Raven Street,Moscow,Canada,66725.71
350,Ethan,Bourne,199 Duke Street,Madrid,Germany,133934.03
351,Oliver,Samuel,293 Queen Street,Cape Town,Austria,70967.39
352,Michael,Emekwo,590 Dragon Street,Vienna,United Kingdom,147625.50
353,Ifeanyi,Westen,590 Dragon Street,Sydney,Italy,110811.81
354,Jason,Bourne,666 King Street,Paris,France,97384.07
355,Cassandra,Samuel,407 Eagle Street,Chicago,Russia,144355.99
356,Victor,Vikander,666 King Street,Madrid,Czech Republic,136090.87
357,Gabriel,Cain,296 Falcon Street,Buenos Aires,Italy,146758.10
358,Isabelle,Hunt,783 Ghost Street,Moscow,Italy,57998.44
359,Oliver,Stone,296 Falcon Street,Beijing,Spain,84515.17
360,Jack,Bristow,407 Eagle Street,New York,Turkey,87273.77
361,Alicia,Ryan,246 Raven Street,Sydney,Czech Republic,95783.05
362,Sophia,Allon,800 Lion Street,Chicago,Brazil,135497.85
363,Alicia,Dixon,666 King Street,Prague,United States,63635.36
364,Isabelle,Hunt,246 Raven Street,Dubai,Austria,72700.48
365,Michael,Westen,246 Raven Street,Beijing,South Africa,75095.00
366,Ethan,Frost,648 Tiger Street,Vienna,Austria,85561.01
367,Alicia,Stone,483 Wolf Street,Rio de Janeiro,United States,50714.75
368,Jason,Trevelyan,296 Falcon Street,Vienna,Spain,127767.14
369,Evelyn,Romanoff,448 Castle Street,Sydney,Spain,69721.26
370,Isabelle,Stone,246 Raven Street,Los Angeles,Japan,89099.44
371,Alicia,Hart,800 Lion Street,Rome,Australia,87776.30
372,Martha,Frost,783 Ghost Street,Rome,China,124047.60
373,John,Allon,666 King Street,Tokyo,Australia,130017.91
374,Emma,Queen,783 Ghost Street,Toronto,Brazil,131005.58
375,Michael,Wexler,407 Eagle Street,Berlin,United Arab Emirates,139722.56
376,Natasha,Dixon,562 Shadow Street,Beijing,South Africa,143069.04
377,Isabelle,Westen,486 Princess Street,Tokyo,France,67060.13
378,James,Bourne,312 Viper Street,Toronto,Germany,134799.61
379,Michael,Bond,820 Bishop Street,Vienna,Spain,127418.27
380,Lara,Frost,246 Raven Street,London,Japan,56120.36
381,Harry,Westen,362 Phoenix Street,Beijing,South Africa,108455.47
382,Ethan,Trevelyan,648 Tiger Street,Paris,Italy,71054.31
383,Alec,Wexler,590 Dragon Street,New York,Brazil,118962.37
384,James,Emekwo,293 Queen Street,Madrid,Brazil,106327.97
385,Michael,Croft,648 Tiger Street,Sydney,China,123878.76
386,Emma,Samuel,562 Shadow Street,Berlin,Turkey,54803.50
387,John,Allon,820 Bishop Street,Dubai,Austria,71086.22
388,Lara,Allon,407 Eagle Street,Paris,Austria,102984.34
389,Sydney,Queen,590 Dragon Street,New York,Germany,104958.95
390,Evelyn,Ryan,246 Raven Street,London,China,75670.24
391,Sarah,Bourne,183 Knight Street,Sydney,France,145786.28
392,Evelyn,Wexler,590 Dragon Street,Istanbul,Australia,119993.50
393,Jason,Croft,198 Prince Street,Rio de Janeiro,Germany,92260.50
394,Derek,Stone,198 Prince Street,Cape Town,Czech Republic,148976.51
395,Alicia,Cain,293 Queen Street,Rio de Janeiro,Canada,134686.85
396,James,Queen,648 Tiger Street,Sydney,Germany,117630.52
397,Jason,Ryan,590 Dragon Street,Madrid,Russia,129101.73
398,Victor,Bourne,183 Knight Street,New York,Australia,66659.15
399,Michael,Allon,312 Viper Street,London,Germany,59630.03
400,Derek,Trevelyan,296 Falcon Street,Tokyo,United Arab Emirates,108661.22
401,Evelyn,Ryan,198 Prince Street,London,Russia,123255.35
402,Michael,Bristow,296 Falcon Street,Rio de Janeiro,Spain,102292.78
403,Derek,Martinez,362 Phoenix Street,Chicago,United Arab Emirates,123770.39
404,Natasha,Stone,483 Wolf Street,Vienna,Austria,119478.94
405,Michael,Hunt,362 Phoenix Street,Beijing,Japan,104334.03
406,Sarah,Trevelyan,783 Ghost Street,Beijing,Turkey,85524.61
407,John,Ryan,296 Falcon Street,Toronto,Canada,67315.92
408,Ifeanyi,Dixon,296 Falcon Street,Buenos Aires,Germany,136168.71
409,Derek,Hunt,483 Duchess Street,Buenos Aires,South Africa,144448.08
410,Oliver,Westen,483 Wolf Street,Tokyo,South Africa,139163.86
411,Oliver,Stone,666 King Street,Dubai,Russia,133056.02
412,Cassandra,Vikander,312 Viper Street,Istanbul,Italy,88843.43
413,Gabriel,Westen,183 Knight Street,Istanbul,Argentina,89384.68
414,Sarah,Frost,199 Duke Street,Madrid,United States,63081.80
415,Oliver,Ryan,483 Duchess Street,Toronto,Austria,54071.10
416,Isabelle,Emekwo,562 Shadow Street,Tokyo,Czech Republic,116697.98
417,Emma,Queen,407 Eagle Street,Berlin,Germany,102667.04
418,Marcus,Salt,783 Ghost Street,Paris,Argentina,137040.64
419,Michael,Samuel,448 Castle Street,Buenos Aires,Italy,112061.36
420,Derek,Bristow,648 Tiger Street,Toronto,Brazil,79535.47
421,Jason,Stone,648 Tiger Street,Chicago,United Kingdom,134829.19
422,Ethan,Salt,783 Ghost Street,Tokyo,Brazil,116228.28
423,Alicia,Vikander,198 Prince Street,Los Angeles,Japan,106307.92
424,Derek,Bourne,407 Eagle Street,Istanbul,Brazil,109346.65
425,Victor,Dixon,198 Prince Street,Prague,United States,105470.06
426,Emma,Bristow,562 Shadow Street,Madrid,China,51747.61
427,Alicia,Bourne,296 Falcon Street,New York,United Arab Emirates,145444.63
428,Victor,Romanoff,486 Princess Street,Buenos Aires,Austria,86584.76
429,Natasha,Salt,800 Lion Street,London,South Africa,93652.13
430,Isabelle,Martinez,198 Prince Street,Paris,Argentina,120746.22
431,Sophia,Salt,590 Dragon Street,Berlin,Italy,55697.85
432,Isabelle,Vikander,448 Castle Street,Toronto,Japan,98554.32
433,Jason,Hunt,246 Raven Street,Rio de Janeiro,Italy,59681.56
434,Isabelle,Dixon,407 Eagle Street,Dubai,Czech Republic,146876.40
435,Alec,Emekwo,820 Bishop Street,Vienna,Japan,70498.65
436,Alicia,Salt,293 Queen Street,Cape Town,Australia,52475.90
437,Isabelle,Samuel,820 Bishop Street,Rio de Janeiro,Canada,74631.71
438,Alec,Hart,486 Princess Street,Moscow,Canada,85955.04
439,Evelyn,Bond,648 Tiger Street,Cape Town,Italy,142800.38
440,Evelyn,Bourne,483 Duchess Street,Tokyo,Argentina,100415.85
441,Michael,Wexler,293 Queen Street,Berlin,United States,82891.62
442,Alicia,Ryan,783 Ghost Street,Sydney,Brazil,81534.58
443,Evelyn,Romanoff,562 Shadow Street,Cape Town,Russia,129136.80
444,Ifeanyi,Stone,590 Dragon Street,Vienna,United Kingdom,92691.09
445,John,Allon,666 King Street,London,Czech Republic,103614.05
446,Marcus,Romanoff,246 Raven Street,Istanbul,Japan,61628.36
447,Sarah,Wexler,293 Queen Street,Buenos Aires,Germany,60440.60
448,Gabriel,Bristow,448 Castle Street,Los Angeles,Japan,134943.60
449,Gabriel,Martinez,483 Wolf Street,Los Angeles,United Kingdom,136422.73
450,Oliver,Wexler,199 Duke Street,Paris,Spain,128577.92
451,John,Martinez,486 Princess Street,Buenos Aires,Brazil,60037.47
452,Derek,Wexler,246 Raven Street,Los Angeles,United Arab Emirates,137106.94
453,Emma,Martinez,486 Princess Street,Vienna,Austria,87500.25
454,Jason,Stone,483 Duchess Street,Paris,Germany,69344.58
455,Gabriel,Allon,312 Viper Street,Rome,Japan,83211.12
456,Michael,Wexler,483 Wolf Street,Rio de Janeiro,China,141265.21
457,Jack,Bond,590 Dragon Street,Beijing,Austria,115449.32
458,John,Bristow,199 Duke Street,Tokyo,Canada,94533.83
459,James,Bond,666 King Street,Toronto,Canada,64842.81
460,Alec,Westen,296 Falcon Street,Beijing,United Arab Emirates,69382.29
461,John,Frost,483 Wolf Street,New York,South Africa,140395.51
462,Jason,Queen,800 Lion Street,Chicago,Australia,68602.31
463,Emma,Croft,198 Prince Street,Rome,Argentina,54627.30
464,Isabelle,Westen,293 Queen Street,London,United Kingdom,98114.48
465,Martha,Trevelyan,783 Ghost Street,Paris,France,111716.25
466,Gabriel,Bourne,246 Raven Street,Moscow,Canada,127462.42
467,Cassandra,Dixon,800 Lion Street,Beijing,Canada,98162.11
468,Victor,Cain,483 Duchess Street,Paris,Canada,66758.61
469,Ifeanyi,Queen,199 Duke Street,Prague,China,116333.73
470,Alicia,Dixon,293 Queen Street,Vienna,Italy,139896.78
471,Isabelle,Trevelyan,486 Princess Street,Paris,United States,60396.00
472,Derek,Stone,648 Tiger Street,Madrid,Italy,141583.15
473,James,Wexler,486 Princess Street,Tokyo,France,77600.50
474,Jason,Frost,312 Viper Street,Rio de Janeiro,United Arab Emirates,88242.27
475,Derek,Westen,590 Dragon Street,London,United States,113324.21
476,Gabriel,Bristow,486 Princess Street,Chicago,Australia,142378.32
477,Evelyn,Salt,199 Duke Street,Chicago,United Arab Emirates,128429.21
478,James,Cain,312 Viper Street,Istanbul,China,70762.92
479,Natasha,Samuel,800 Lion Street,Tokyo,Australia,111824.04
480,Sophia,Trevelyan,199 Duke Street,Tokyo,Turkey,94223.41
481,Martha,Dixon,820 Bishop Street,Madrid,Czech Republic,54659.48
482,Evelyn,Bond,590 Dragon Street,Prague,Turkey,119867.50
483,Jack,Vikander,296 Falcon Street,Vienna,Germany,136459.72
484,Lara,Westen,590 Dragon Street,Paris,United Kingdom,51655.76
485,Harry,Martinez,362 Phoenix Street,Moscow,Canada,76081.38
486,Cassandra,Stone,820 Bishop Street,Vienna,United States,94162.62
487,Cassandra,Croft,783 Ghost Street,London,Brazil,65791.78
488,Sydney,Trevelyan,648 Tiger Street,London,United States,118201.49
489,Cassandra,Bourne,590 Dragon Street,New York,United Kingdom,124688.49
490,Gabriel,Ryan,590 Dragon Street,Vienna,United States,126788.50
491,Sydney,Trevelyan,483 Wolf Street,Los Angeles,Spain,60870.90
492,Sarah,Croft,296 Falcon Street,Prague,Spain,76577.44
493,Lara,Samuel,783 Ghost Street,Rome,Japan,146001.68
494,Derek,Cain,486 Princess Street,Vienna,Spain,92033.32
495,Ifeanyi,Stone,562 Shadow Street,Dubai,Russia,70177.47
496,Marcus,Vikander,293 Queen Street,Berlin,France,131782.01
497,Alec,Bourne,800 Lion Street,New York,Germany,131284.96
498,James,Ryan,483 Wolf Street,Los Angeles,South Africa,113515.23
499,Evelyn,Vikander,296 Falcon Street,Chicago,Italy,60707.37
500,Cassandra,Wexler,246 Raven Street,Tokyo,Spain,134402.69
501,Jason,Queen,483 Duchess Street,Prague,South Africa,86902.87
502,Victor,Stone,183 Knight Street,Beijing,Czech Republic,104860.81
503,Jason,Stone,183 Knight Street,Sydney,Australia,132857.56
504,Isabelle,Trevelyan,483 Duchess Street,Dubai,Italy,96870.60
505,Oliver,Emekwo,820 Bishop Street,New York,Austria,127620.62
506,Lara,Frost,783 Ghost Street,Prague,Italy,68928.27
507,Sydney,Dixon,562 Shadow Street,Chicago,Spain,70985.78
508,Marcus,Westen,486 Princess Street,New York,Austria,111799.77
509,Jack,Salt,486 Princess Street,London,Germany,68883.03
510,Emma,Vikander,783 Ghost Street,Toronto,Japan,77477.61
511,Sydney,Trevelyan,666 King Street,Moscow,United Arab Emirates,120297.61
512,Harry,Queen,562 Shadow Street,Prague,Japan,91318.21
513,Jack,Emekwo,407 Eagle Street,Sydney,Spain,102872.80
514,Ifeanyi,Dixon,183 Knight Street,Tokyo,Turkey,96769.43
515,Martha,Emekwo,448 Castle Street,Chicago,Czech Republic,112744.45
516,Natasha,Bristow,199 Duke Street,Buenos Aires,Italy,69391.60
517,Gabriel,Emekwo,198 Prince Street,Cape Town,Russia,51115.98
518,Jason,Westen,198 Prince Street,Rome,United Kingdom,81276.44
519,Cassandra,Allon,666 King Street,Los Angeles,United Kingdom,106133.92
520,Jack,Allon,183 Knight Street,Berlin,Russia,70793.08
521,Evelyn,Wexler,448 Castle Street,Madrid,Japan,147424.85
522,Cassandra,Vikander,448 Castle Street,Beijing,United States,83592.76
523,Lara,Bourne,407 Eagle Street,Rio de Janeiro,Brazil,57063.82
524,Ethan,Wexler,362 Phoenix Street,Los Angeles,United States,73116.41
525,Jack,Westen,312 Viper Street,Paris,United States,85176.49
526,Victor,Emekwo,407 Eagle Street,Los Angeles,Argentina,132627.53
527,Michael,Frost,362 Phoenix Street,Dubai,United Kingdom,110174.05
528,Jason,Hart,312 Viper Street,Toronto,Australia,78055.18
529,Alec,Bristow,666 King Street,Beijing,France,93208.61
530,John,Dixon,486 Princess Street,Paris,Spain,62219.74
531,Oliver,Hunt,198 Prince Street,London,France,104808.93
532,Natasha,Bristow,312 Viper Street,Berlin,Austria,67528.94
533,Sophia,Romanoff,590 Dragon Street,Rome,Russia,116759.00
534,Martha,Bond,666 King Street,Beijing,China,121831.39
535,Jason,Hunt,246 Raven Street,Berlin,Australia,52168.06
536,Gabriel,Trevelyan,486 Princess Street,Istanbul,France,85901.91
537,Marcus,Hunt,648 Tiger Street,Rome,Canada,83797.18
538,Alicia,Bourne,198 Prince Street,Vienna,United Kingdom,63598.88
539,Martha,Dixon,666 King Street,Chicago,Brazil,148855.33
540,Oliver,Frost,648 Tiger Street,Prague,Japan,81311.64
541,Natasha,Bristow,483 Wolf Street,Tokyo,Italy,143140.79
542,Martha,Cain,198 Prince Street,Sydney,China,80688.68
543,Oliver,Samuel,198 Prince Street,Madrid,China,142278.04
544,Gabriel,Bourne,407 Eagle Street,Sydney,Argentina,78201.24
545,Derek,Queen,312 Viper Street,Buenos Aires,Russia,66880.91
546,Ethan,Salt,407 Eagle Street,Rome,South Africa,121771.90
547,John,Croft,183 Knight Street,Paris,United Arab Emirates,56925.77
548,Isabelle,Martinez,183 Knight Street,Rio de Janeiro,Turkey,94161.01
549,Natasha,Stone,183 Knight Street,Prague,Turkey,126594.90
550,Sydney,Westen,407 Eagle Street,Rio de Janeiro,Italy,124381.33
551,Ifeanyi,Ryan,362 Phoenix Street,Vienna,Japan,131086.43
552,Alec,Romanoff,562 Shadow Street,London,Russia,116093.81
553,Marcus,Martinez,296 Falcon Street,London,Russia,97339.82
554,Derek,Stone,820 Bishop Street,Buenos Aires,Spain,92194.60
555,Derek,Vikander,407 Eagle Street,Vienna,Russia,60332.08
556,Evelyn,Cain,783 Ghost Street,Madrid,United States,60836.86
557,Ethan,Ryan,407 Eagle Street,Tokyo,Russia,61506.68
558,Sarah,Cain,800 Lion Street,Sydney,Germany,124402.65
559,John,Hart,198 Prince Street,Tokyo,Brazil,101913.64
560,Emma,Trevelyan,483 Wolf Street,Chicago,Brazil,75526.33
561,Alicia,Vikander,448 Castle Street,Buenos Aires,Austria,62234.99
562,Alec,Bristow,666 King Street,London,United Kingdom,68357.31
563,Harry,Queen,800 Lion Street,Prague,Turkey,92494.01
564,Derek,Trevelyan,293 Queen Street,Paris,France,81839.99
565,Alec,Queen,293 Queen Street,Berlin,Russia,73010.45
566,Harry,Samuel,293 Queen Street,Istanbul,Brazil,124242.58
567,Ethan,Stone,486 Princess Street,Chicago,Brazil,60396.73
568,Michael,Bond,407 Eagle Street,Istanbul,Spain,53162.71
569,Victor,Stone,293 Queen Street,Toronto,Turkey,106147.32
570,Cassandra,Stone,293 Queen Street,Vienna,Canada,109043.59
571,Alicia,Westen,312 Viper Street,Chicago,Australia,76405.99
572,Oliver,Bond,448 Castle Street,Beijing,Argentina,96351.55
573,Martha,Wexler,362 Phoenix Street,Toronto,France,99713.84
574,Ethan,Trevelyan,648 Tiger Street,London,United States,52650.81
575,Gabriel,Croft,183 Knight Street,New York,Russia,99269.97
576,Jack,Martinez,783 Ghost Street,Rio de Janeiro,Spain,118305.60
577,Jason,Vikander,246 Raven Street,Chicago,Italy,142131.40
578,Alicia,Frost,783 Ghost Street,Toronto,Germany,65809.73
579,Michael,Westen,199 Duke Street,Rome,Spain,148178.80
580,Isabelle,Frost,296 Falcon Street,Dubai,Brazil,91324.41
581,Derek,Cain,800 Lion Street,Rio de Janeiro,Brazil,146160.57
582,Alec,Dixon,407 Eagle Street,Paris,United Arab Emirates,102660.66
583,Evelyn,Bristow,783 Ghost Street,Rio de Janeiro,Russia,77031.16
584,Victor,Westen,407 Eagle Street,Vienna,Turkey,100191.56
585,Natasha,Croft,407 Eagle Street,Rio de Janeiro,Brazil,146250.58
586,Sydney,Westen,648 Tiger Street,Beijing,Czech Republic,141350.17
587,Ifeanyi,Vikander,296 Falcon Street,Prague,Italy,111403.07
588,Alicia,Westen,800 Lion Street,Vienna,Spain,86975.69
589,Oliver,Bristow,783 Ghost Street,Chicago,Turkey,63686.72
590,James,Allon,590 Dragon Street,Prague,Russia,68440.05
591,James,Frost,590 Dragon Street,Rio de Janeiro,Russia,132219.38
592,Isabelle,Samuel,296 Falcon Street,Vienna,United Kingdom,52493.16
593,Harry,Martinez,198 Prince Street,Rio de Janeiro,Turkey,119365.06
594,Marcus,Romanoff,800 Lion Street,Rome,Japan,78438.33
595,Sydney,Bourne,590 Dragon Street,Prague,China,95876.42
596,Alec,Queen,199 Duke Street,Buenos Aires,Italy,111632.49
597,Sophia,Bourne,783 Ghost Street,Sydney,Brazil,106164.35
598,Ifeanyi,Vikander,800 Lion Street,Sydney,Czech Republic,132145.25
599,Marcus,Westen,362 Phoenix Street,Buenos Aires,Czech Republic,88281.80
600,Jason,Bourne,293 Queen Street,Sydney,Russia,110252.98
601,James,Cain,293 Queen Street,Los Angeles,United Kingdom,101920.16
602,Martha,Queen,783 Ghost Street,London,Italy,83890.74
603,Victor,Trevelyan,296 Falcon Street,Madrid,Italy,78726.09
604,Oliver,Wexler,199 Duke Street,Los Angeles,Australia,109115.55
605,Sarah,Trevelyan,312 Viper Street,Rio de Janeiro,Czech Republic,144624.96
606,Jason,Ryan,296 Falcon Street,Tokyo,South Africa,109333.05
607,Sarah,Hunt,590 Dragon Street,New York,South Africa,75322.13
608,Derek,Wexler,483 Wolf Street,Rio de Janeiro,Germany,67005.35
609,Derek,Hunt,407 Eagle Street,Vienna,South Africa,54962.59
610,Jason,Frost,820 Bishop Street,London,United Arab Emirates,95144.42
611,Sydney,Hart,312 Viper Street,Toronto,Japan,137919.07
612,Ifeanyi,Allon,590 Dragon Street,Buenos Aires,Argentina,68594.81
613,James,Queen,562 Shadow Street,Rome,United Kingdom,96178.41
614,Sarah,Romanoff,246 Raven Street,Beijing,Argentina,142456.20
615,Lara,Ryan,312 Viper Street,Los Angeles,China,114308.64
616,Jason,Queen,293 Queen Street,Rome,Austria,140576.09
617,Ethan,Cain,362 Phoenix Street,Chicago,Argentina,103993.72
618,Victor,Hart,648 Tiger Street,Toronto,Turkey,77451.66
619,Sydney,Bond,293 Queen Street,Berlin,Austria,119793.67
620,Jason,Dixon,407 Eagle Street,Berlin,Russia,57468.22
621,Cassandra,Wexler,820 Bishop Street,London,Austria,89649.66
622,Ifeanyi,Wexler,483 Duchess Street,Prague,Brazil,103112.88
623,Evelyn,Salt,407 Eagle Street,Dubai,Russia,51920.47
624,Alicia,Croft,198 Prince Street,London,United States,116173.36
625,Lara,Salt,562 Shadow Street,Sydney,Russia,72214.34
626,Evelyn,Hunt,486 Princess Street,Berlin,Turkey,131876.05
627,Derek,Emekwo,312 Viper Street,Paris,Germany,136702.99
628,Victor,Ryan,407 Eagle Street,London,Czech Republic,83468.61
629,Ifeanyi,Hart,293 Queen Street,Vienna,Austria,67569.89
630,Emma,Queen,448 Castle Street,Vienna,Brazil,81294.13
631,Marcus,Stone,312 Viper Street,Sydney,United States,63520.58
632,Marcus,Queen,293 Queen Street,Cape Town,United States,112356.99
633,Alec,Samuel,666 King Street,Paris,Japan,111019.44
634,Oliver,Hunt,296 Falcon Street,Rome,United Arab Emirates,127592.22
635,Michael,Emekwo,448 Castle Street,Berlin,Australia,79577.16
636,Cassandra,Wexler,486 Princess Street,Berlin,Argentina,123896.04
637,Jack,Martinez,448 Castle Street,Buenos Aires,China,52396.33
638,Harry,Trevelyan,312 Viper Street,Chicago,Turkey,129205.00
639,Sarah,Frost,783 Ghost Street,Tokyo,Germany,141132.23
640,Martha,Salt,800 Lion Street,Vienna,Japan,111958.77
641,Evelyn,Hart,783 Ghost Street,Prague,Brazil,91581.61
642,Harry,Allon,800 Lion Street,Prague,United Arab Emirates,144862.36
643,James,Queen,183 Knight Street,Vienna,Spain,116412.08
644,Cassandra,Bourne,296 Falcon Street,Vienna,Canada,59406.67
645,Martha,Hunt,486 Princess Street,Toronto,South Africa,63897.80
646,Harry,Martinez,407 Eagle Street,Rome,Czech Republic,111194.22
647,Jason,Bourne,198 Prince Street,Berlin,Argentina,126318.59
648,Sophia,Hunt,448 Castle Street,Moscow,Czech Republic,87339.31
649,Marcus,Wexler,199 Duke Street,Vienna,Japan,95639.66
650,Michael,Vikander,199 Duke Street,Rio de Janeiro,Russia,145473.73
651,Oliver,Stone,362 Phoenix Street,Istanbul,South Africa,65641.66
652,Jason,Croft,648 Tiger Street,Istanbul,United Kingdom,62719.71
653,Cassandra,Salt,483 Duchess Street,Los Angeles,Canada,77625.46
654,Sydney,Vikander,246 Raven Street,Rome,United Kingdom,58786.60
655,Marcus,Bond,362 Phoenix Street,Buenos Aires,Japan,51325.09
656,James,Vikander,800 Lion Street,Beijing,Turkey,111682.40
657,Alicia,Martinez,246 Raven Street,Cape Town,Russia,67572.34
658,Evelyn,Salt,486 Princess Street,Cape Town,Italy,131430.94
659,Derek,Stone,486 Princess Street,Cape Town,United Arab Emirates,121700.57
660,Oliver,Cain,198 Prince Street,Beijing,Australia,79520.15
661,James,Cain,648 Tiger Street,Istanbul,France,123969.79
662,Cassandra,Bond,198 Prince Street,Rome,Czech Republic,128307.95
663,Victor,Stone,407 Eagle Street,Los Angeles,China,122140.54
664,Marcus,Bourne,183 Knight Street,Dubai,France,86222.67
665,Jack,Bristow,486 Princess Street,Chicago,Italy,93687.31
666,Alicia,Hunt,562 Shadow Street,London,Brazil,114126.67
667,John,Emekwo,246 Raven Street,Toronto,France,118190.60
668,Cassandra,Salt,590 Dragon Street,Prague,Italy,102297.94
669,Natasha,Hunt,648 Tiger Street,Rio de Janeiro,Russia,140243.29
670,Natasha,Cain,199 Duke Street,Rio de Janeiro,Czech Republic,78554.01
671,Martha,Westen,486 Princess Street,Dubai,United Arab Emirates,81408.11
672,Michael,Queen,483 Wolf Street,Beijing,China,116752.68
673,Cassandra,Bond,199 Duke Street,Vienna,United Arab Emirates,139716.41
674,Emma,Wexler,483 Wolf Street,Buenos Aires,South Africa,101024.04
675,Ethan,Allon,590 Dragon Street,Cape Town,Japan,143306.27
676,Alec,Wexler,590 Dragon Street,Cape Town,Czech Republic,60004.83
677,Michael,Romanoff,666 King Street,Los Angeles,United Kingdom,74231.79
678,Victor,Bristow,198 Prince Street,New York,Spain,53844.78
679,Lara,Trevelyan,183 Knight Street,London,France,71698.19
680,Alec,Allon,293 Queen Street,Cape Town,Spain,125445.76
681,John,Croft,312 Viper Street,Berlin,United States,139895.20
682,Alicia,Bond,590 Dragon Street,Vienna,China,95900.69
683,Oliver,Stone,783 Ghost Street,Buenos Aires,China,142063.09
684,Sarah,Salt,296 Falcon Street,Paris,Australia,84983.90
685,Evelyn,Ryan,783 Ghost Street,London,Austria,84510.25
686,Ethan,Romanoff,483 Wolf Street,Madrid,Austria,54851.46
687,Alicia,Frost,448 Castle Street,Prague,Turkey,97908.69
688,Jason,Stone,448 Castle Street,Rio de Janeiro,Japan,140826.15
689,Natasha,Martinez,199 Duke Street,Istanbul,Czech Republic,76997.29
690,Jack,Allon,483 Wolf Street,Cape Town,United Arab Emirates,76393.82
691,Emma,Samuel,483 Wolf Street,London,United Kingdom,135687.79
692,Lara,Stone,648 Tiger Street,Rio de Janeiro,United Kingdom,139708.29
693,Alec,Bristow,362 Phoenix Street,Sydney,South Africa,85126.65
694,Sarah,Wexler,407 Eagle Street,Berlin,Turkey,94575.39
695,Ifeanyi,Bond,590 Dragon Street,Los Angeles,Brazil,143383.04
696,Lara,Salt,483 Wolf Street,Chicago,France,55365.06
697,Jack,Dixon,820 Bishop Street,Madrid,Russia,120627.98
698,Oliver,Croft,820 Bishop Street,Dubai,United Arab Emirates,109428.29
699,Martha,Ryan,666 King Street,Chicago,South Africa,69508.17
700,Alec,Samuel,199 Duke Street,New York,China,116701.64
701,Michael,Cain,486 Princess Street,Chicago,Czech Republic,55549.03
702,Sarah,Frost,293 Queen Street,Los Angeles,South Africa,140423.76
703,Marcus,Emekwo,820 Bishop Street,Paris,South Africa,56652.91
704,Marcus,Westen,483 Wolf Street,Los Angeles,United Arab Emirates,119869.13
705,Jason,Hart,296 Falcon Street,Istanbul,Japan,66857.31
706,Derek,Martinez,448 Castle Street,Prague,United States,113194.67
707,Evelyn,Romanoff,562 Shadow Street,Chicago,Austria,69948.69
708,Marcus,Croft,183 Knight Street,Dubai,Japan,74705.13
709,Martha,Queen,648 Tiger Street,Berlin,Austria,74339.28
710,Sarah,Wexler,246 Raven Street,Rome,Japan,78777.58
711,Martha,Bond,312 Viper Street,Rio de Janeiro,Argentina,139317.01
712,Natasha,Romanoff,820 Bishop Street,Dubai,Canada,118507.83
713,Martha,Vikander,362 Phoenix Street,Sydney,Spain,136090.42
714,Emma,Stone,448 Castle Street,Los Angeles,Australia,88848.57
715,Lara,Martinez,293 Queen Street,Sydney,Russia,136538.66
716,Evelyn,Allon,800 Lion Street,Vienna,Spain,68785.79
717,Gabriel,Salt,199 Duke Street,Paris,Argentina,67048.13
718,John,Stone,486 Princess Street,Vienna,United Arab Emirates,60068.66
719,Jason,Westen,783 Ghost Street,Paris,Czech Republic,101561.62
720,Jack,Wexler,783 Ghost Street,Moscow,Russia,89664.15
721,Evelyn,Trevelyan,800 Lion Street,London,Germany,149681.28
722,Alec,Westen,198 Prince Street,Sydney,Spain,88653.01
723,Lara,Queen,407 Eagle Street,Dubai,Turkey,123908.36
724,Ifeanyi,Salt,199 Duke Street,New York,United States,148664.02
725,Evelyn,Dixon,296 Falcon Street,Dubai,Argentina,92630.87
726,Derek,Queen,483 Wolf Street,Berlin,Canada,103206.12
727,Natasha,Martinez,198 Prince Street,Beijing,South Africa,83468.03
728,Alicia,Stone,183 Knight Street,Dubai,Japan,81406.12
729,Victor,Bond,199 Duke Street,Chicago,United States,108081.98
730,Lara,Allon,198 Prince Street,Moscow,France,122929.91
731,Derek,Queen,666 King Street,Prague,United States,116859.66
732,Harry,Cain,483 Duchess Street,Cape Town,Brazil,149642.01
733,Gabriel,Hart,312 Viper Street,Paris,South Africa,115332.91
734,Gabriel,Queen,483 Wolf Street,Madrid,Canada,107892.69
735,Emma,Trevelyan,820 Bishop Street,Paris,Czech Republic,133826.44
736,John,Croft,448 Castle Street,Buenos Aires,Spain,94620.72
737,Sarah,Bristow,246 Raven Street,Berlin,United Arab Emirates,105950.17
738,Ethan,Emekwo,198 Prince Street,Vienna,Germany,87157.18
739,Gabriel,Cain,483 Wolf Street,Toronto,United States,79660.61
740,Ifeanyi,Stone,312 Viper Street,Dubai,Spain,124230.94
741,Derek,Ryan,198 Prince Street,Berlin,Germany,75276.81
742,Emma,Queen,198 Prince Street,Madrid,Japan,74815.94
743,Ethan,Dixon,199 Duke Street,New York,United States,68006.27
744,Natasha,Ryan,666 King Street,Paris,Italy,52695.04
745,Emma,Hart,783 Ghost Street,Beijing,China,84892.87
746,Michael,Hart,407 Eagle Street,Istanbul,United States,143618.65
747,Isabelle,Ryan,666 King Street,New York,Japan,53387.80
748,James,Romanoff,407 Eagle Street,Dubai,South Africa,131253.38
749,Derek,Emekwo,783 Ghost Street,Tokyo,Argentina,115469.85
750,Martha,Martinez,783 Ghost Street,Madrid,Japan,82509.75
751,Sydney,Wexler,199 Duke Street,Rio de Janeiro,Japan,86878.93
752,Victor,Romanoff,483 Wolf Street,Chicago,United Arab Emirates,135065.02
753,Cassandra,Romanoff,183 Knight Street,Chicago,Argentina,114817.82
754,Evelyn,Bond,198 Prince Street,Sydney,Spain,96397.71
755,Harry,Bourne,312 Viper Street,Prague,Argentina,60198.30
756,Ethan,Romanoff,293 Queen Street,Sydney,Turkey,119037.75
757,James,Romanoff,648 Tiger Street,Madrid,United States,122837.60
758,Gabriel,Croft,648 Tiger Street,Prague,South Africa,103471.02
759,Jack,Bourne,199 Duke Street,Madrid,United States,101944.64
760,Lara,Trevelyan,198 Prince Street,Tokyo,Australia,103923.15
761,John,Dixon,783 Ghost Street,Rio de Janeiro,Japan,141611.22
762,Martha,Frost,666 King Street,Toronto,Czech Republic,117065.69
763,Natasha,Hart,783 Ghost Street,New York,Czech Republic,67927.27
764,Marcus,Cain,800 Lion Street,Tokyo,Spain,108544.81
765,Ethan,Ryan,483 Wolf Street,Beijing,China,94241.41
766,Jack,Romanoff,183 Knight Street,Tokyo,Czech Republic,81154.24
767,Natasha,Bourne,293 Queen Street,Chicago,Austria,132961.72
768,Natasha,Salt,486 Princess Street,Istanbul,Czech Republic,126150.34
769,Alicia,Bourne,590 Dragon Street,Tokyo,Canada,113491.49
770,Ifeanyi,Queen,666 King Street,Istanbul,United States,80311.95
771,Jack,Salt,562 Shadow Street,Prague,China,131853.60
772,Jack,Bristow,448 Castle Street,Paris,Russia,148299.63
773,Alicia,Cain,486 Princess Street,Rome,Brazil,57375.21
774,Oliver,Bourne,312 Viper Street,Los Angeles,Germany,113730.85
775,Isabelle,Croft,296 Falcon Street,Tokyo,Brazil,107444.20
776,Cassandra,Stone,183 Knight Street,Madrid,Australia,117896.76
777,Martha,Hart,362 Phoenix Street,Sydney,South Africa,106494.35
778,Alec,Hunt,486 Princess Street,Chicago,France,118655.19
779,Ethan,Croft,820 Bishop Street,Berlin,Argentina,89547.09
780,Alicia,Bristow,648 Tiger Street,New York,Spain,118588.51
781,Alec,Westen,362 Phoenix Street,New York,Australia,134841.68
782,Jack,Romanoff,246 Raven Street,Buenos Aires,China,95802.00
783,Isabelle,Allon,296 Falcon Street,Paris,Italy,64037.61
784,Ifeanyi,Hart,562 Shadow Street,Rome,Australia,62800.38
785,Martha,Hunt,486 Princess Street,Cape Town,United States,109601.43
786,Isabelle,Hart,648 Tiger Street,Beijing,Russia,144961.05
787,Sophia,Bourne,800 Lion Street,Rio de Janeiro,Italy,103641.69
788,Oliver,Trevelyan,783 Ghost Street,Berlin,Austria,148907.54
789,Ethan,Stone,486 Princess Street,Sydney,Turkey,110344.39
790,Sarah,Queen,590 Dragon Street,Cape Town,Brazil,141952.29
791,Derek,Hart,362 Phoenix Street,Vienna,Czech Republic,121146.26
792,Michael,Frost,198 Prince Street,Tokyo,Canada,67197.65
793,Lara,Westen,820 Bishop Street,Moscow,Italy,122545.52
794,Oliver,Martinez,800 Lion Street,Cape Town,France,64614.26
795,Sydney,Queen,820 Bishop Street,Paris,China,73408.45
796,Cassandra,Frost,590 Dragon Street,Beijing,Spain,134068.80
797,Harry,Dixon,199 Duke Street,Paris,Italy,95812.95
798,Evelyn,Bristow,362 Phoenix Street,Los Angeles,Brazil,73069.80
799,James,Martinez,293 Queen Street,New York,Australia,118977.17
800,Cassandra,Hart,312 Viper Street,Istanbul,Czech Republic,127777.77
801,Ifeanyi,Romanoff,820 Bishop Street,New York,South Africa,103943.93
802,Isabelle,Samuel,312 Viper Street,Paris,Spain,84403.17
803,Michael,Bristow,590 Dragon Street,Vienna,Canada,134115.48
804,Jack,Romanoff,198 Prince Street,Rome,South Africa,68151.91
805,Natasha,Bristow,820 Bishop Street,Vienna,United Arab Emirates,140757.75
806,Jack,Salt,198 Prince Street,Beijing,United Kingdom,135294.84
807,Derek,Samuel,407 Eagle Street,Prague,Australia,128774.98
808,John,Martinez,483 Duchess Street,Moscow,Russia,68393.09
809,Alec,Samuel,783 Ghost Street,Rio de Janeiro,Turkey,71094.98
810,Ifeanyi,Cain,483 Wolf Street,Cape Town,China,112618.26
811,Lara,Romanoff,199 Duke Street,Buenos Aires,China,66589.72
812,Emma,Romanoff,183 Knight Street,Madrid,Germany,109147.22
813,Ifeanyi,Croft,800 Lion Street,Beijing,Germany,78273.76
814,Marcus,Frost,183 Knight Street,Paris,Canada,90855.40
815,Alicia,Frost,483 Duchess Street,Sydney,United Kingdom,79748.22
816,Gabriel,Frost,783 Ghost Street,Prague,South Africa,139033.09
817,Jason,Samuel,483 Wolf Street,Paris,France,95425.32
818,Oliver,Bond,448 Castle Street,Sydney,Australia,69912.28
819,Alicia,Samuel,198 Prince Street,Buenos Aires,Czech Republic,63901.71
820,Oliver,Dixon,246 Raven Street,Berlin,South Africa,135554.35
821,Alec,Bond,820 Bishop Street,Vienna,Japan,124426.14
822,Martha,Romanoff,483 Wolf Street,Toronto,China,107228.89
823,Ifeanyi,Frost,183 Knight Street,Rome,China,52155.14
824,Michael,Croft,199 Duke Street,Paris,Russia,53453.91
825,Marcus,Ryan,483 Duchess Street,Los Angeles,Turkey,77905.94
826,Cassandra,Frost,199 Duke Street,Tokyo,China,136601.14
827,Sydney,Frost,590 Dragon Street,Rome,France,88239.85
828,Victor,Hart,820 Bishop Street,Cape Town,Argentina,137050.54
829,Jason,Stone,666 King Street,Chicago,United States,145827.91
830,Natasha,Bourne,800 Lion Street,London,Russia,80352.27
831,Natasha,Dixon,483 Duchess Street,Istanbul,Turkey,52950.14
832,Victor,Westen,483 Duchess Street,Rio de Janeiro,Turkey,88184.15
833,Natasha,Queen,590 Dragon Street,London,China,137295.32
834,Sarah,Allon,483 Wolf Street,Cape Town,Australia,63349.49
835,Ifeanyi,Stone,483 Wolf Street,Chicago,United Kingdom,79045.43
836,Michael,Dixon,199 Duke Street,Rome,Turkey,102149.77
837,Ethan,Hart,362 Phoenix Street,Moscow,Japan,138201.03
838,Michael,Emekwo,293 Queen Street,Toronto,Japan,103528.53
839,Jack,Bond,296 Falcon Street,Paris,Czech Republic,72017.71
840,Martha,Romanoff,183 Knight Street,Toronto,Germany,55801.92
841,Alicia,Ryan,198 Prince Street,Toronto,France,101469.94
842,Cassandra,Vikander,486 Princess Street,London,Russia,146797.41
843,Victor,Queen,293 Queen Street,Beijing,Germany,132992.68
844,Natasha,Trevelyan,820 Bishop Street,Paris,Australia,126510.96
845,Alicia,Romanoff,783 Ghost Street,Istanbul,France,62472.11
846,Alicia,Dixon,783 Ghost Street,Chicago,Japan,80748.37
847,Ethan,Allon,448 Castle Street,Paris,Argentina,50400.51
848,Alicia,Wexler,296 Falcon Street,Tokyo,Italy,89324.11
849,Alec,Dixon,293 Queen Street,Paris,Germany,89650.24
850,Marcus,Hunt,648 Tiger Street,Rome,United Kingdom,92564.96
851,Emma,Hart,483 Wolf Street,London,France,100669.17
852,John,Salt,199 Duke Street,Los Angeles,South Africa,142457.65
853,Gabriel,Bourne,362 Phoenix Street,Chicago,Germany,139312.70
854,Sydney,Frost,183 Knight Street,Toronto,China,119960.79
855,Jack,Hart,312 Viper Street,New York,France,122298.44
856,Isabelle,Ryan,783 Ghost Street,Sydney,Austria,131533.81
857,Emma,Samuel,448 Castle Street,Prague,Japan,138652.95
858,Alec,Wexler,198 Prince Street,Tokyo,Spain,68984.02
859,Oliver,Ryan,407 Eagle Street,Istanbul,Japan,50073.86
860,John,Cain,483 Wolf Street,Beijing,Spain,122292.31
861,Harry,Bond,312 Viper Street,Chicago,Brazil,134749.98
862,Natasha,Bristow,666 King Street,Prague,Austria,122965.98
863,Cassandra,Croft,198 Prince Street,Dubai,Germany,147719.29
864,Oliver,Wexler,293 Queen Street,Paris,Australia,58906.99
865,Natasha,Westen,486 Princess Street,Vienna,Russia,97821.16
866,Ethan,Croft,407 Eagle Street,Buenos Aires,Italy,100640.85
867,Sarah,Queen,562 Shadow Street,Sydney,Spain,54426.08
868,Emma,Queen,448 Castle Street,Tokyo,United Kingdom,60271.42
869,Lara,Romanoff,666 King Street,Istanbul,Spain,104366.52
870,Oliver,Wexler,198 Prince Street,Vienna,Argentina,54641.98
871,Jason,Samuel,800 Lion Street,Sydney,Turkey,128146.18
872,Jason,Ryan,362 Phoenix Street,Istanbul,Australia,50940.21
873,John,Allon,666 King Street,Moscow,Canada,56738.44
874,James,Bourne,246 Raven Street,New York,South Africa,147249.87
875,Isabelle,Queen,296 Falcon Street,Moscow,France,136053.37
876,Harry,Queen,783 Ghost Street,Rio de Janeiro,Czech Republic,80846.73
877,Lara,Hunt,183 Knight Street,Sydney,Australia,148082.04
878,Gabriel,Samuel,296 Falcon Street,Buenos Aires,United States,82576.19
879,Jack,Ryan,312 Viper Street,Rio de Janeiro,Australia,146014.17
880,Victor,Romanoff,293 Queen Street,Moscow,Canada,104813.43
881,Natasha,Emekwo,562 Shadow Street,Paris,China,62651.55
882,Martha,Cain,198 Prince Street,Cape Town,Spain,114516.22
883,Sophia,Romanoff,562 Shadow Street,New York,Italy,120597.69
884,Gabriel,Martinez,407 Eagle Street,Tokyo,Russia,135965.07
885,Natasha,Croft,648 Tiger Street,Dubai,Spain,134715.84
886,Sarah,Samuel,407 Eagle Street,Toronto,South Africa,57058.10
887,Emma,Hunt,820 Bishop Street,Vienna,Brazil,79028.19
888,Martha,Croft,362 Phoenix Street,Vienna,Russia,148182.42
889,Harry,Hunt,820 Bishop Street,Berlin,Australia,68538.11
890,Cassandra,Samuel,199 Duke Street,Sydney,Germany,95717.82
891,Sydney,Queen,312 Viper Street,Chicago,United States,130998.76
892,John,Bristow,246 Raven Street,Vienna,United States,147702.41
893,Marcus,Salt,483 Duchess Street,Berlin,Australia,110614.58
894,Lara,Wexler,783 Ghost Street,Rome,France,53924.19
895,John,Frost,198 Prince Street,Madrid,Germany,102163.29
896,Ifeanyi,Stone,483 Wolf Street,Paris,United Kingdom,95344.39
897,James,Samuel,820 Bishop Street,Vienna,Argentina,73652.72
898,Sydney,Emekwo,296 Falcon Street,Los Angeles,United Arab Emirates,99479.52
899,Jason,Emekwo,783 Ghost Street,Prague,France,58182.11
900,Jason,Bond,448 Castle Street,Prague,Brazil,64844.13
901,Michael,Westen,362 Phoenix Street,Rome,Austria,63942.38
902,Isabelle,Allon,198 Prince Street,Cape Town,Russia,61476.07
903,Victor,Allon,362 Phoenix Street,Dubai,United Arab Emirates,87111.23
904,Evelyn,Allon,199 Duke Street,Madrid,United Arab Emirates,103424.52
905,Derek,Wexler,362 Phoenix Street,New York,Germany,73071.06
906,Alicia,Emekwo,800 Lion Street,Moscow,Italy,54959.42
907,Gabriel,Wexler,483 Duchess Street,Chicago,Brazil,66514.71
908,Alec,Allon,407 Eagle Street,Istanbul,Spain,95351.67
909,James,Bourne,199 Duke Street,New York,Russia,93393.10
910,Derek,Hunt,183 Knight Street,Moscow,Austria,116345.25
911,Gabriel,Martinez,820 Bishop Street,Madrid,United Arab Emirates,78501.20
912,Sarah,Trevelyan,562 Shadow Street,Los Angeles,United Arab Emirates,101795.65
913,Sydney,Dixon,407 Eagle Street,Los Angeles,France,101753.16
914,Cassandra,Frost,199 Duke Street,Toronto,South Africa,69789.28
915,Natasha,Cain,448 Castle Street,London,South Africa,149234.65
916,Michael,Bourne,483 Wolf Street,Los Angeles,Turkey,79170.87
917,Michael,Bourne,666 King Street,Vienna,Germany,118589.52
918,Sydney,Trevelyan,800 Lion Street,Moscow,Russia,59499.64
919,Evelyn,Trevelyan,198 Prince Street,Los Angeles,Canada,141508.94
920,Natasha,Martinez,198 Prince Street,New York,Austria,55512.58
921,John,Stone,312 Viper Street,Toronto,Italy,101776.40
922,Evelyn,Ryan,198 Prince Street,Beijing,Czech Republic,68033.93
923,Sophia,Hart,648 Tiger Street,Sydney,United States,133275.57
924,Marcus,Salt,483 Duchess Street,Paris,Austria,141868.02
925,Sarah,Emekwo,800 Lion Street,Dubai,China,124193.33
926,Jason,Dixon,246 Raven Street,Chicago,Brazil,138363.21
927,Marcus,Hart,783 Ghost Street,Berlin,United Arab Emirates,148585.80
928,Ifeanyi,Romanoff,783 Ghost Street,Moscow,Turkey,108271.26
929,Cassandra,Queen,198 Prince Street,Berlin,China,124938.70
930,Michael,Cain,483 Wolf Street,Paris,Australia,121727.21
931,Victor,Vikander,800 Lion Street,Cape Town,China,107139.26
932,Jack,Salt,590 Dragon Street,Sydney,Austria,132572.08
933,Ifeanyi,Bristow,198 Prince Street,Chicago,United Kingdom,70995.24
934,John,Allon,407 Eagle Street,New York,South Africa,75671.99
935,Isabelle,Dixon,198 Prince Street,Toronto,Japan,112219.00
936,Marcus,Queen,483 Wolf Street,Berlin,Italy,82386.77
937,Martha,Martinez,448 Castle Street,Vienna,Japan,89528.85
938,Harry,Dixon,486 Princess Street,Moscow,Australia,133749.15
939,Gabriel,Martinez,483 Wolf Street,Vienna,Canada,86719.48
940,Ethan,Ryan,448 Castle Street,Tokyo,South Africa,107100.42
941,Marcus,Allon,486 Princess Street,Dubai,Italy,123763.20
942,Ethan,Samuel,448 Castle Street,Istanbul,Australia,99995.09
943,Harry,Hunt,183 Knight Street,Chicago,Russia,112363.32
944,Ethan,Stone,293 Queen Street,New York,Japan,146752.96
945,Alicia,Martinez,483 Duchess Street,Cape Town,Austria,67969.84
946,Lara,Bond,312 Viper Street,Sydney,South Africa,116521.61
947,Oliver,Bourne,312 Viper Street,Tokyo,Australia,67081.17
948,James,Ryan,199 Duke Street,Berlin,Russia,89773.62
949,John,Samuel,312 Viper Street,Cape Town,Brazil,66583.26
950,Alec,Queen,362 Phoenix Street,London,United Kingdom,138593.04
951,James,Westen,800 Lion Street,Prague,Spain,76935.62
952,Alicia,Frost,820 Bishop Street,Los Angeles,France,50797.93
953,Derek,Wexler,562 Shadow Street,Vienna,Argentina,68141.30
954,Gabriel,Cain,483 Wolf Street,Istanbul,France,149113.84
955,Martha,Vikander,448 Castle Street,Tokyo,Spain,136321.77
956,Harry,Frost,562 Shadow Street,Chicago,United Arab Emirates,140683.21
957,John,Martinez,362 Phoenix Street,Los Angeles,Brazil,120493.13
958,Derek,Hunt,183 Knight Street,New York,Russia,70180.80
959,Jason,Cain,293 Queen Street,Moscow,Canada,122156.92
960,Victor,Bristow,362 Phoenix Street,Beijing,Turkey,141198.34
961,Emma,Emekwo,483 Wolf Street,Sydney,Argentina,87579.72
962,Lara,Bourne,199 Duke Street,London,Canada,72891.36
963,Alicia,Bristow,648 Tiger Street,Berlin,Italy,80675.01
964,Jack,Croft,483 Wolf Street,Dubai,Turkey,70945.43
965,Sydney,Samuel,562 Shadow Street,Madrid,United States,68710.96
966,John,Bourne,362 Phoenix Street,Moscow,Canada,140756.42
967,John,Wexler,562 Shadow Street,Toronto,Austria,116268.58
968,Jason,Allon,820 Bishop Street,London,South Africa,89302.48
969,Cassandra,Hunt,483 Wolf Street,Paris,Canada,60400.86
970,Sophia,Cain,296 Falcon Street,Cape Town,Russia,81834.80
971,Michael,Bristow,562 Shadow Street,New York,Argentina,84575.61
972,Sydney,Trevelyan,296 Falcon Street,Beijing,Turkey,102897.84
973,John,Bond,312 Viper Street,Los Angeles,United Kingdom,65659.47
974,Gabriel,Emekwo,296 Falcon Street,Paris,Czech Republic,121359.17
975,James,Bristow,312 Viper Street,Sydney,United States,130028.05
976,Cassandra,Trevelyan,312 Viper Street,Rome,Turkey,122449.52
977,Ethan,Cain,312 Viper Street,Chicago,Germany,65758.80
978,Natasha,Wexler,407 Eagle Street,Rio de Janeiro,Czech Republic,58817.07
979,Evelyn,Ryan,293 Queen Street,New York,China,121650.44
980,Martha,Stone,296 Falcon Street,Rome,United Arab Emirates,142461.23
981,Evelyn,Vikander,486 Princess Street,Cape Town,France,131236.25
982,Martha,Bourne,246 Raven Street,Istanbul,United States,82706.71
983,James,Trevelyan,783 Ghost Street,Paris,United States,119665.78
984,Gabriel,Bourne,562 Shadow Street,Rio de Janeiro,China,84216.75
985,Sarah,Bourne,199 Duke Street,Sydney,Canada,117286.78
986,Gabriel,Hunt,648 Tiger Street,Tokyo,South Africa,110127.19
987,Ethan,Ryan,783 Ghost Street,Chicago,Germany,85516.78
988,Alicia,Bourne,246 Raven Street,London,South Africa,124483.22
989,Isabelle,Samuel,183 Knight Street,Beijing,United Arab Emirates,80218.36
990,Michael,Romanoff,820 Bishop Street,Rome,Austria,115325.02
991,Sydney,Martinez,648 Tiger Street,Berlin,Argentina,63641.40
992,Michael,Hunt,448 Castle Street,Beijing,United States,62089.15
993,Michael,Allon,648 Tiger Street,Tokyo,United Arab Emirates,140591.08
994,John,Samuel,483 Duchess Street,Rome,Canada,120976.65
995,Harry,Croft,648 Tiger Street,Chicago,Canada,103834.34
996,Derek,Allon,590 Dragon Street,New York,Austria,98738.88
997,James,Trevelyan,483 Duchess Street,Vienna,Italy,89867.94
998,James,Cain,666 King Street,Berlin,Spain,137500.17
999,Michael,Frost,448 Castle Street,Chicago,Japan,135573.03
1000,Alicia,Romanoff,246 Raven Street,Istanbul,Germany,128477.22
